id,first_name,last_name,email,gender,ip_address
1,Banky,Kuller,bkuller0@naver.com,Male,66.99.14.134
2,Jany,Gioan,jgioan1@eepurl.com,Female,87.75.240.75
3,Tallie,Menhenitt,tmenhenitt2@shinystat.com,Male,4.15.113.249
4,Ruperta,Eldridge,reldridge3@prnewswire.com,Female,20.89.165.44
5,Thorsten,Brogiotti,tbrogiotti4@issuu.com,Male,142.210.124.179
6,Gwendolin,Eddington,geddington5@trellian.com,Female,227.35.4.97
7,Lodovico,Rennolds,lrennolds6@independent.co.uk,Male,158.227.6.43
8,Frederigo,Beri,fberi7@wisc.edu,Male,89.233.250.113
9,Chelsy,Scriviner,cscriviner8@disqus.com,Female,143.11.12.158
10,Jaimie,Clipsham,jclipsham9@ameblo.jp,Female,98.3.98.187
11,Chauncey,Slemming,cslemminga@nps.gov,Male,192.205.101.174
12,Demetre,Folbigg,dfolbiggb@utexas.edu,Male,45.178.74.132
13,Kora,Skeels,kskeelsc@de.vu,Female,163.73.54.159
14,Vaclav,Deal,vdeald@dedecms.com,Male,217.123.24.208
15,Marv,Kelemen,mkelemene@photobucket.com,Male,95.37.239.106
16,Wally,Terrill,wterrillf@example.com,Male,76.177.88.55
17,Mort,Schuler,mschulerg@360.cn,Male,68.142.173.174
18,Bili,Janodet,bjanodeth@ning.com,Female,92.32.60.26
19,Murvyn,Alliott,malliotti@technorati.com,Male,216.41.160.187
20,Sarah,Jeroch,sjerochj@tinypic.com,Female,228.222.99.71
21,Bartholemy,Pidgeon,bpidgeonk@apache.org,Male,22.55.184.141
22,Douglas,Blenkharn,dblenkharnl@reuters.com,Male,96.149.186.27
23,Sibelle,Hallaways,shallawaysm@meetup.com,Female,23.201.216.145
24,Nollie,Barrabeale,nbarrabealen@xrea.com,Male,125.203.162.229
25,Ronna,Dunston,rdunstono@gnu.org,Female,184.115.27.191
26,Rikki,Gotling,rgotlingp@cornell.edu,Male,17.151.210.233
27,Wolf,Rounsivall,wrounsivallq@businessinsider.com,Male,171.74.255.231
28,Winna,Toppas,wtoppasr@seattletimes.com,Female,22.159.38.134
29,Gage,Bikker,gbikkers@mtv.com,Male,89.22.113.52
30,Base,Balazot,bbalazott@oakley.com,Male,142.220.142.114
31,Dolph,Meco,dmecou@artisteer.com,Male,0.135.193.216
32,Willyt,Frisby,wfrisbyv@tripod.com,Female,201.79.228.149
33,Pammi,Gillis,pgillisw@acquirethisname.com,Female,87.22.6.56
34,Alvira,Drew,adrewx@symantec.com,Female,100.1.124.59
35,Sydney,De Laspee,sdelaspeey@domainmarket.com,Male,210.78.26.246
36,Katlin,Butts,kbuttsz@jigsy.com,Female,123.152.224.211
37,Johanna,Brixey,jbrixey10@miitbeian.gov.cn,Female,179.127.103.32
38,Reuben,Jellings,rjellings11@wufoo.com,Male,255.177.20.60
39,Ody,Curuclis,ocuruclis12@delicious.com,Male,238.59.23.46
40,Oswell,Dawid,odawid13@uol.com.br,Male,31.91.91.207
41,Marty,Darridon,mdarridon14@acquirethisname.com,Female,8.146.238.85
42,Trace,Minnette,tminnette15@1688.com,Male,44.12.85.112
43,Cecil,Sabin,csabin16@unc.edu,Male,70.225.187.220
44,Maxwell,Jeannin,mjeannin17@mayoclinic.com,Male,242.219.201.176
45,Jan,Shellsheere,jshellsheere18@businessweek.com,Male,113.180.80.188
46,Alanson,Ebbin,aebbin19@fema.gov,Male,178.16.155.0
47,Reta,Zoanetti,rzoanetti1a@baidu.com,Female,187.59.124.222
48,Jeromy,Aspall,jaspall1b@squidoo.com,Male,237.77.178.244
49,Neille,Kupka,nkupka1c@chron.com,Female,220.198.69.226
50,Broderic,Cherrett,bcherrett1d@spotify.com,Male,145.88.138.214
51,Nettle,Craney,ncraney1e@privacy.gov.au,Female,157.64.187.145
52,Wit,Reinard,wreinard1f@sun.com,Male,57.126.150.117
53,Julio,Seefeldt,jseefeldt1g@census.gov,Male,197.93.113.61
54,Frank,Burner,fburner1h@intel.com,Male,7.203.201.218
55,Peria,Ballinghall,pballinghall1i@theglobeandmail.com,Female,59.152.46.192
56,Meier,Koschke,mkoschke1j@sina.com.cn,Male,16.165.201.197
57,Bibby,Mantione,bmantione1k@studiopress.com,Female,186.177.40.205
58,Licha,Seage,lseage1l@ihg.com,Female,215.139.246.85
59,Imelda,Saltsberg,isaltsberg1m@google.com,Female,213.5.92.96
60,Alexander,Hansen,ahansen1n@netscape.com,Male,218.214.156.253
61,Astrid,Oxford,aoxford1o@godaddy.com,Female,45.72.222.161
62,Traver,Iglesiaz,tiglesiaz1p@4shared.com,Male,213.26.239.203
63,Iorgo,Braunlein,ibraunlein1q@comcast.net,Male,60.83.117.97
64,Tiebout,Blabber,tblabber1r@independent.co.uk,Male,114.138.106.176
65,Grata,Speedy,gspeedy1s@chicagotribune.com,Female,94.247.171.24
66,Seumas,Linacre,slinacre1t@technorati.com,Male,72.251.117.141
67,Elsi,Witchell,ewitchell1u@shutterfly.com,Female,87.107.129.248
68,Lynne,Sooley,lsooley1v@etsy.com,Female,155.181.83.147
69,Hillary,Marians,hmarians1w@mlb.com,Male,225.183.84.204
70,Ermanno,Goodwins,egoodwins1x@columbia.edu,Male,31.56.241.42
71,Fabien,Mc Elory,fmcelory1y@opensource.org,Male,138.17.180.127
72,Drucill,Ludee,dludee1z@ocn.ne.jp,Female,133.48.52.100
73,Monique,Gautrey,mgautrey20@biblegateway.com,Female,97.114.204.199
74,Callida,Denning,cdenning21@ucoz.ru,Female,30.135.21.82
75,Lisle,Antonsson,lantonsson22@comsenz.com,Male,49.201.225.227
76,Torr,Arnhold,tarnhold23@oaic.gov.au,Male,221.89.12.156
77,Morgen,Hinckley,mhinckley24@simplemachines.org,Male,204.95.233.152
78,Araldo,Isley,aisley25@mashable.com,Male,18.249.185.27
79,Krishna,Ivie,kivie26@livejournal.com,Male,132.227.43.165
80,Silvan,Ebbing,sebbing27@google.cn,Male,168.207.179.174
81,Arabel,Darley,adarley28@google.ru,Female,60.81.238.22
82,Ryann,Bugge,rbugge29@instagram.com,Female,38.216.94.48
83,Hyman,Colleymore,hcolleymore2a@guardian.co.uk,Male,22.165.43.109
84,Gerome,Izatson,gizatson2b@hao123.com,Male,204.195.67.77
85,Josie,Rozzell,jrozzell2c@github.io,Female,80.93.233.197
86,Rosemonde,McDyer,rmcdyer2d@taobao.com,Female,181.197.218.17
87,Nico,O'Dowling,nodowling2e@tiny.cc,Male,127.121.19.101
88,Locke,Jolin,ljolin2f@exblog.jp,Male,147.105.194.183
89,Kaye,Serrels,kserrels2g@cisco.com,Female,252.167.52.79
90,Alvinia,Thurbon,athurbon2h@pcworld.com,Female,207.192.224.152
91,Bordie,Rowberry,browberry2i@etsy.com,Male,8.72.62.86
92,Milty,Buist,mbuist2j@ow.ly,Male,124.121.110.180
93,Lin,Singh,lsingh2k@wikispaces.com,Male,40.91.128.18
94,Hagen,Tovey,htovey2l@dagondesign.com,Male,182.26.125.231
95,Raff,Muslim,rmuslim2m@salon.com,Male,233.94.11.182
96,Laverne,Poland,lpoland2n@rediff.com,Female,98.238.78.94
97,Hermione,Holhouse,hholhouse2o@mtv.com,Female,36.36.20.53
98,Carri,Huerta,chuerta2p@furl.net,Female,19.56.240.232
99,Sisely,de Guerre,sdeguerre2q@cargocollective.com,Female,246.63.52.131
100,Sheffie,Trippick,strippick2r@prnewswire.com,Male,183.251.72.137
101,Valentine,Tireman,vtireman2s@google.pl,Female,178.108.173.100
102,Rochell,Arch,rarch2t@springer.com,Female,224.146.29.143
103,Ivory,Brookes,ibrookes2u@huffingtonpost.com,Female,37.231.77.43
104,Powell,Goodchild,pgoodchild2v@skyrock.com,Male,53.247.206.120
105,Karia,Eastment,keastment2w@1688.com,Female,230.3.101.52
106,Abbie,Oxley,aoxley2x@meetup.com,Male,189.19.30.8
107,Tammie,Tomczynski,ttomczynski2y@latimes.com,Male,150.80.152.117
108,Sibby,Dymott,sdymott2z@bloomberg.com,Female,194.191.96.182
109,Cheston,Mannin,cmannin30@economist.com,Male,252.84.150.183
110,Artemas,Robelet,arobelet31@stanford.edu,Male,40.91.226.43
111,Raeann,Scrange,rscrange32@home.pl,Female,106.27.166.47
112,Ches,Humpage,chumpage33@rambler.ru,Male,152.114.119.91
113,Dukie,Ramey,dramey34@amazon.co.jp,Male,190.57.86.94
114,Cord,Jephcote,cjephcote35@smh.com.au,Male,255.105.43.247
115,Cherry,Kitcherside,ckitcherside36@oaic.gov.au,Female,33.114.223.35
116,Adams,Vasilyevski,avasilyevski37@comsenz.com,Male,6.52.110.38
117,Berkie,Zupo,bzupo38@jigsy.com,Male,108.85.193.13
118,Felicia,Margach,fmargach39@bing.com,Female,205.92.53.186
119,Prinz,Brightey,pbrightey3a@cnbc.com,Male,133.16.249.255
120,Ari,Mynott,amynott3b@mapquest.com,Male,168.63.239.72
121,Odie,Petrosian,opetrosian3c@naver.com,Male,144.107.68.204
122,Alan,Polini,apolini3d@example.com,Male,107.103.165.194
123,Myer,Pitkethly,mpitkethly3e@ning.com,Male,78.230.216.48
124,Irene,Raft,iraft3f@webs.com,Female,241.3.19.112
125,Thomasin,Dogg,tdogg3g@cyberchimps.com,Female,252.191.130.73
126,Annalee,Wintle,awintle3h@opera.com,Female,67.86.95.177
127,Gerrie,Treece,gtreece3i@nymag.com,Female,243.254.107.176
128,Garwood,Middiff,gmiddiff3j@diigo.com,Male,201.31.95.235
129,Avrom,Ramsted,aramsted3k@t.co,Male,65.207.170.196
130,Jocelyne,Penke,jpenke3l@prlog.org,Female,117.215.98.18
131,Nanny,Casham,ncasham3m@imageshack.us,Female,201.199.50.247
132,Kathe,Badder,kbadder3n@bloglovin.com,Female,69.221.60.251
133,Nevil,Humes,nhumes3o@networksolutions.com,Male,169.173.62.41
134,Niki,Pierse,npierse3p@tuttocitta.it,Male,62.94.181.245
135,Lonnie,Cottam,lcottam3q@blogspot.com,Female,246.189.184.79
136,Salem,Rankcom,srankcom3r@nyu.edu,Male,112.192.54.183
137,Tersina,Attwill,tattwill3s@blog.com,Female,252.108.232.124
138,Mallory,McGuff,mmcguff3t@prweb.com,Male,63.162.34.140
139,Benedikt,Gludor,bgludor3u@reuters.com,Male,161.26.212.250
140,Willard,Shelton,wshelton3v@homestead.com,Male,216.140.203.251
141,Donnie,Novotne,dnovotne3w@europa.eu,Female,79.164.148.223
142,Tori,Di Dello,tdidello3x@home.pl,Female,101.241.111.51
143,Celie,Faye,cfaye3y@instagram.com,Female,21.18.68.233
144,Suzy,Veldman,sveldman3z@lycos.com,Female,19.188.58.210
145,Ambrosi,Fullwood,afullwood40@loc.gov,Male,82.104.219.104
146,Deb,Odgaard,dodgaard41@pcworld.com,Female,176.90.188.166
147,Panchito,Kuschke,pkuschke42@pcworld.com,Male,236.122.150.198
148,Robinetta,Tegeller,rtegeller43@creativecommons.org,Female,245.38.103.72
149,Hale,Blanchette,hblanchette44@privacy.gov.au,Male,48.146.34.33
150,Clary,Willimont,cwillimont45@sun.com,Female,41.18.4.96
151,Marrissa,Hanselmann,mhanselmann46@harvard.edu,Female,3.88.179.210
152,Dru,Tidcombe,dtidcombe47@craigslist.org,Male,45.243.74.34
153,Gabbi,Casserly,gcasserly48@google.de,Female,181.175.251.165
154,Gardner,Nyles,gnyles49@seattletimes.com,Male,102.162.24.152
155,Brigham,Gissop,bgissop4a@abc.net.au,Male,252.137.195.4
156,Florina,Veeler,fveeler4b@wikia.com,Female,96.251.150.104
157,Rafaello,Burree,rburree4c@taobao.com,Male,232.194.163.150
158,Melva,Bondy,mbondy4d@homestead.com,Female,0.202.255.242
159,Vale,Abercrombie,vabercrombie4e@netlog.com,Male,74.95.102.164
160,Lilah,Jakel,ljakel4f@simplemachines.org,Female,59.35.100.22
161,Kevan,Tuff,ktuff4g@163.com,Male,17.165.81.176
162,Dante,Pochet,dpochet4h@symantec.com,Male,189.149.8.240
163,Hewet,Farraway,hfarraway4i@google.com.hk,Male,246.251.37.1
164,Elinor,Curdell,ecurdell4j@tiny.cc,Female,44.29.160.179
165,Anabella,Lux,alux4k@xinhuanet.com,Female,178.211.28.243
166,Ania,Deverille,adeverille4l@illinois.edu,Female,199.254.6.223
167,Wylie,Guerrero,wguerrero4m@narod.ru,Male,149.179.203.230
168,Leia,Perchard,lperchard4n@nytimes.com,Female,54.231.10.210
169,Roxine,Abbati,rabbati4o@sun.com,Female,160.36.211.138
170,Gianni,Borzoni,gborzoni4p@ezinearticles.com,Male,167.30.52.209
171,Mohammed,Bosquet,mbosquet4q@lulu.com,Male,82.107.101.81
172,Pierson,Ezele,pezele4r@webnode.com,Male,97.7.54.171
173,Rozalin,Marciek,rmarciek4s@gravatar.com,Female,196.111.93.28
174,Loralee,Shellshear,lshellshear4t@yale.edu,Female,9.82.214.126
175,Gloria,Nisco,gnisco4u@eepurl.com,Female,38.171.132.148
176,Cort,Hattrick,chattrick4v@gnu.org,Male,40.99.204.25
177,Cullin,Aslum,caslum4w@ebay.com,Male,86.96.137.244
178,Willdon,Bonellie,wbonellie4x@tumblr.com,Male,119.8.217.109
179,Olag,Turner,oturner4y@example.com,Male,214.28.33.19
180,Tony,Andrelli,tandrelli4z@delicious.com,Male,99.177.255.189
181,Dukey,Standering,dstandering50@mayoclinic.com,Male,61.44.85.4
182,Jorrie,Mattack,jmattack51@toplist.cz,Female,64.123.207.221
183,Meir,Easterby,measterby52@oracle.com,Male,71.19.186.64
184,Yank,Dybell,ydybell53@edublogs.org,Male,216.74.186.78
185,Booth,Lebel,blebel54@1688.com,Male,141.249.223.5
186,Nelle,McCole,nmccole55@samsung.com,Female,12.232.108.100
187,Vinny,Curror,vcurror56@mail.ru,Female,226.137.117.57
188,Rheba,Fassman,rfassman57@reverbnation.com,Female,171.235.216.162
189,Purcell,Orringe,porringe58@state.tx.us,Male,252.91.187.145
190,Myron,Ricci,mricci59@nature.com,Male,177.18.204.190
191,Kev,Biles,kbiles5a@guardian.co.uk,Male,187.133.165.127
192,Derward,Salvati,dsalvati5b@t.co,Male,47.35.168.26
193,Bunnie,Caudelier,bcaudelier5c@wsj.com,Female,197.241.104.215
194,Hector,Emery,hemery5d@fotki.com,Male,9.247.124.241
195,Carlyn,Westraw,cwestraw5e@icq.com,Female,16.249.208.253
196,Gael,Coll,gcoll5f@cnbc.com,Female,246.233.118.149
197,Dannie,Eyden,deyden5g@amazon.com,Female,158.106.17.193
198,Stanton,Keough,skeough5h@latimes.com,Male,208.138.16.190
199,Auberta,McGarry,amcgarry5i@blog.com,Female,191.176.53.148
200,Adolph,MacMenemy,amacmenemy5j@nature.com,Male,230.59.189.150
201,Carly,Housley,chousley5k@dell.com,Female,158.59.159.221
202,Tally,Luc,tluc5l@twitter.com,Female,190.19.204.19
203,Pierson,Huffa,phuffa5m@uol.com.br,Male,172.120.49.37
204,Terri,Fildery,tfildery5n@homestead.com,Male,81.242.240.141
205,Shina,O'Daly,sodaly5o@ted.com,Female,160.68.231.155
206,Kai,Beswick,kbeswick5p@webnode.com,Female,196.230.162.253
207,Farris,Mears,fmears5q@bloglines.com,Male,40.11.42.127
208,Vivyanne,Whittock,vwhittock5r@goo.gl,Female,230.94.110.146
209,Clemmy,Bourgeois,cbourgeois5s@barnesandnoble.com,Female,40.177.86.47
210,Michele,Oselton,moselton5t@comcast.net,Male,22.123.50.10
211,Gerhardine,Soldi,gsoldi5u@go.com,Female,174.197.189.94
212,Giuditta,Headey,gheadey5v@eepurl.com,Female,74.5.141.123
213,Wilona,Quinane,wquinane5w@i2i.jp,Female,130.36.165.45
214,Sherman,Cortin,scortin5x@multiply.com,Male,9.155.220.159
215,Harv,Juckes,hjuckes5y@pcworld.com,Male,10.218.254.0
216,Cullan,Brazier,cbrazier5z@icio.us,Male,192.110.98.24
217,Gradey,Carillo,gcarillo60@rakuten.co.jp,Male,242.153.223.144
218,Darin,Nisius,dnisius61@ftc.gov,Male,228.52.5.144
219,Alicia,Hosburn,ahosburn62@oracle.com,Female,106.213.179.6
220,Hector,Lucchi,hlucchi63@technorati.com,Male,229.85.7.55
221,Kristian,Sides,ksides64@booking.com,Male,201.33.155.0
222,Abigail,Costellow,acostellow65@merriam-webster.com,Female,59.205.216.182
223,Natalee,Boller,nboller66@weather.com,Female,240.89.162.213
224,Dawn,Girvin,dgirvin67@europa.eu,Female,150.96.65.69
225,Eward,Jindacek,ejindacek68@friendfeed.com,Male,233.166.159.78
226,Cornall,Eastman,ceastman69@scientificamerican.com,Male,71.164.131.66
227,Matias,Thripp,mthripp6a@barnesandnoble.com,Male,0.37.235.250
228,Cort,Perrigo,cperrigo6b@jigsy.com,Male,134.66.74.168
229,Jock,Kensley,jkensley6c@foxnews.com,Male,29.252.28.179
230,Nina,Collens,ncollens6d@berkeley.edu,Female,59.129.114.165
231,Darda,Bloxland,dbloxland6e@indiegogo.com,Female,125.1.212.206
232,Johanna,Oxlee,joxlee6f@google.it,Female,186.193.69.208
233,Dwain,Fewings,dfewings6g@artisteer.com,Male,124.155.53.135
234,Cory,Goldman,cgoldman6h@google.es,Male,148.138.94.219
235,Manny,Killcross,mkillcross6i@github.com,Male,113.200.231.12
236,Pavel,Raun,praun6j@youtu.be,Male,158.55.166.106
237,Gifford,Johnigan,gjohnigan6k@gmpg.org,Male,77.164.116.100
238,Katrinka,Godrich,kgodrich6l@wp.com,Female,225.51.193.161
239,Norean,Gurry,ngurry6m@nsw.gov.au,Female,111.38.248.42
240,Riccardo,Pursehouse,rpursehouse6n@fda.gov,Male,29.220.210.134
241,Naoma,Redgewell,nredgewell6o@hp.com,Female,79.70.158.67
242,Michel,McComb,mmccomb6p@icq.com,Female,87.151.113.69
243,Coriss,Lewerenz,clewerenz6q@netscape.com,Female,223.131.254.119
244,Jemmie,Leckie,jleckie6r@epa.gov,Female,207.31.96.15
245,Gretal,Treske,gtreske6s@nasa.gov,Female,186.19.70.22
246,Nonna,Vaughan-Hughes,nvaughanhughes6t@apache.org,Female,243.177.119.65
247,Bradney,Bywaters,bbywaters6u@seesaa.net,Male,25.23.180.204
248,Indira,Bockler,ibockler6v@google.nl,Female,9.133.90.0
249,Binnie,Mulqueen,bmulqueen6w@flickr.com,Female,252.171.116.51
250,Ardath,Karlmann,akarlmann6x@blogger.com,Female,146.146.172.27
251,Christalle,Hornbuckle,chornbuckle6y@bigcartel.com,Female,71.227.13.209
252,Faydra,Larose,flarose6z@ucoz.ru,Female,32.207.32.19
253,Ulberto,Haddrell,uhaddrell70@bizjournals.com,Male,189.5.41.176
254,Ax,Lympenie,alympenie71@merriam-webster.com,Male,121.70.245.48
255,Shaylah,Arkill,sarkill72@vinaora.com,Female,228.165.86.28
256,Lula,Baroch,lbaroch73@etsy.com,Female,127.136.68.81
257,Emmy,Kermode,ekermode74@yale.edu,Male,155.109.77.180
258,Luelle,Plant,lplant75@livejournal.com,Female,87.46.160.219
259,Zaccaria,Como,zcomo76@angelfire.com,Male,115.118.255.214
260,Malinde,Griffen,mgriffen77@sourceforge.net,Female,140.153.115.189
261,Garrott,Devonport,gdevonport78@si.edu,Male,138.94.74.61
262,Gloria,Brougham,gbrougham79@ameblo.jp,Female,90.78.221.48
263,Alfy,Lillicrap,alillicrap7a@last.fm,Female,20.236.90.13
264,Annabell,Conahy,aconahy7b@drupal.org,Female,76.124.172.148
265,Barnabe,Ludman,bludman7c@theatlantic.com,Male,180.98.97.236
266,Vanna,Clayfield,vclayfield7d@cocolog-nifty.com,Female,47.63.211.15
267,Flemming,Gillooly,fgillooly7e@yandex.ru,Male,185.48.87.203
268,Lorianne,Smithe,lsmithe7f@huffingtonpost.com,Female,62.136.159.174
269,Kaitlin,Smedmoor,ksmedmoor7g@aboutads.info,Female,52.36.207.119
270,Rory,Sautter,rsautter7h@de.vu,Female,100.231.24.121
271,Ivar,Povey,ipovey7i@vkontakte.ru,Male,192.189.115.58
272,Stanly,Mullins,smullins7j@sohu.com,Male,54.34.59.127
273,Marney,Pochon,mpochon7k@rambler.ru,Female,218.16.216.91
274,George,Mallalieu,gmallalieu7l@adobe.com,Male,91.119.198.6
275,Petey,McKeever,pmckeever7m@mozilla.org,Male,166.52.123.75
276,Tamara,Baudoux,tbaudoux7n@hugedomains.com,Female,198.47.90.149
277,Ahmed,Camsey,acamsey7o@psu.edu,Male,72.20.125.200
278,Ginny,Brundrett,gbrundrett7p@squarespace.com,Female,191.192.47.206
279,Ambrose,Navarro,anavarro7q@apache.org,Male,9.209.211.127
280,Hollyanne,McAdam,hmcadam7r@unicef.org,Female,201.227.186.90
281,Milli,O'Leary,moleary7s@wikipedia.org,Female,84.119.198.97
282,Ddene,Lark,dlark7t@usa.gov,Female,163.91.171.254
283,Hedvige,Razzell,hrazzell7u@opensource.org,Female,82.176.209.154
284,Will,Marcussen,wmarcussen7v@t.co,Male,142.7.167.57
285,Ethelind,Persicke,epersicke7w@ezinearticles.com,Female,143.116.65.69
286,Ginelle,Snelling,gsnelling7x@wisc.edu,Female,38.197.198.223
287,Cami,Kitteringham,ckitteringham7y@posterous.com,Female,138.243.77.189
288,Janek,Marcroft,jmarcroft7z@wikimedia.org,Male,41.87.168.218
289,Berne,Weighell,bweighell80@deliciousdays.com,Male,203.201.22.141
290,Mimi,Airth,mairth81@cdbaby.com,Female,124.191.146.233
291,Andrew,Stobie,astobie82@topsy.com,Male,251.220.88.173
292,Ruttger,Kealey,rkealey83@lulu.com,Male,59.67.146.70
293,Ryley,Larchiere,rlarchiere84@aboutads.info,Male,125.71.163.112
294,Emmie,Kohrs,ekohrs85@timesonline.co.uk,Female,177.11.19.28
295,Clayborne,McGrae,cmcgrae86@mail.ru,Male,7.243.60.237
296,Alyss,Hurdiss,ahurdiss87@nifty.com,Female,246.241.109.221
297,Leanora,Peplay,lpeplay88@shareasale.com,Female,8.181.137.147
298,Gibbie,Norvel,gnorvel89@illinois.edu,Male,143.63.189.176
299,Giacopo,Bolin,gbolin8a@home.pl,Male,144.185.186.112
300,Alec,Yashaev,ayashaev8b@uiuc.edu,Male,29.240.151.135
301,Robbie,Hubery,rhubery8c@spiegel.de,Female,197.92.218.181
302,Wallas,Backhouse,wbackhouse8d@ocn.ne.jp,Male,72.214.76.204
303,Abeu,Sabban,asabban8e@japanpost.jp,Male,183.51.180.91
304,Geri,Josephsen,gjosephsen8f@nationalgeographic.com,Male,118.94.89.185
305,Francene,Ricardet,fricardet8g@quantcast.com,Female,5.245.188.222
306,Rici,Petican,rpetican8h@jigsy.com,Female,195.5.64.179
307,Vinnie,Brabant,vbrabant8i@jimdo.com,Male,3.98.41.17
308,Philly,Rowlstone,prowlstone8j@freewebs.com,Female,127.193.167.91
309,Tandie,Rainbow,trainbow8k@so-net.ne.jp,Female,23.196.66.146
310,Christen,Pedrazzi,cpedrazzi8l@de.vu,Female,97.9.37.193
311,Port,Perham,pperham8m@list-manage.com,Male,7.190.15.148
312,Neala,Orsi,norsi8n@ameblo.jp,Female,45.30.129.84
313,Tabbitha,Belham,tbelham8o@forbes.com,Female,195.170.72.41
314,Devin,Klosterman,dklosterman8p@privacy.gov.au,Female,135.190.154.185
315,Byrle,Jacobsohn,bjacobsohn8q@creativecommons.org,Male,64.179.90.194
316,Babb,Goodship,bgoodship8r@alexa.com,Female,139.172.44.6
317,Gearard,Lars,glars8s@livejournal.com,Male,241.99.115.252
318,Rosalia,Enns,renns8t@multiply.com,Female,67.102.36.239
319,Raymond,Cowherd,rcowherd8u@nba.com,Male,189.247.139.58
320,Neil,Moncrefe,nmoncrefe8v@squarespace.com,Male,46.68.80.81
321,Rochella,Simla,rsimla8w@huffingtonpost.com,Female,154.72.48.40
322,Konstantin,Ebbutt,kebbutt8x@artisteer.com,Male,206.28.22.243
323,Gisella,Haggath,ghaggath8y@wiley.com,Female,22.83.108.155
324,Colline,Bettridge,cbettridge8z@slashdot.org,Female,234.77.27.95
325,Corella,Janecki,cjanecki90@slashdot.org,Female,255.125.22.112
326,Dermot,Baden,dbaden91@imdb.com,Male,25.250.82.170
327,Shepperd,Hiddersley,shiddersley92@pinterest.com,Male,101.174.118.24
328,Gwendolin,Northam,gnortham93@liveinternet.ru,Female,139.132.11.182
329,Brew,Tarbet,btarbet94@japanpost.jp,Male,67.126.178.212
330,Tessa,Ffrench,tffrench95@ihg.com,Female,82.142.192.183
331,Tobe,Conville,tconville96@photobucket.com,Female,121.228.165.24
332,Nicolette,Trevallion,ntrevallion97@cbslocal.com,Female,26.239.225.48
333,Madelle,Cavell,mcavell98@nsw.gov.au,Female,204.41.80.138
334,Edouard,Womack,ewomack99@deliciousdays.com,Male,14.145.60.178
335,Gerry,Nix,gnix9a@51.la,Female,157.174.68.172
336,Caryl,Hamflett,chamflett9b@google.com,Male,150.49.229.216
337,Dave,Handslip,dhandslip9c@wikipedia.org,Male,40.34.38.25
338,Mendie,McPharlain,mmcpharlain9d@tinypic.com,Male,179.16.87.43
339,Caryl,Palluschek,cpalluschek9e@people.com.cn,Female,90.58.14.79
340,Irwin,Jennings,ijennings9f@ustream.tv,Male,120.254.14.34
341,Elisa,Hymers,ehymers9g@discuz.net,Female,1.46.207.99
342,Baxy,Dils,bdils9h@dion.ne.jp,Male,198.15.40.242
343,Bronson,Nesey,bnesey9i@alibaba.com,Male,179.173.128.31
344,Jerrilee,Petersen,jpetersen9j@baidu.com,Female,66.240.252.95
345,Lonny,Murra,lmurra9k@newsvine.com,Male,109.119.50.40
346,Idaline,Hatherall,ihatherall9l@nymag.com,Female,212.59.198.115
347,Rafe,Chipps,rchipps9m@imdb.com,Male,129.69.58.209
348,Madeline,Costello,mcostello9n@ca.gov,Female,83.59.109.241
349,Jillana,Jurick,jjurick9o@smugmug.com,Female,222.33.63.28
350,Tamarra,Tertre,ttertre9p@noaa.gov,Female,156.47.65.156
351,Bibi,But,bbut9q@lulu.com,Female,129.252.202.225
352,Melesa,Hakewell,mhakewell9r@about.me,Female,213.4.243.243
353,Frankie,Barnett,fbarnett9s@ft.com,Female,249.23.75.126
354,Erda,Boyn,eboyn9t@apple.com,Female,189.185.247.44
355,Rozanne,Rockey,rrockey9u@w3.org,Female,19.206.102.11
356,Bank,Seligson,bseligson9v@fc2.com,Male,41.210.51.203
357,Arlena,Gooms,agooms9w@wix.com,Female,97.74.189.105
358,Bo,Proppers,bproppers9x@dagondesign.com,Male,218.124.28.225
359,Callie,Vodden,cvodden9y@weibo.com,Female,93.229.207.151
360,Tait,Moseley,tmoseley9z@digg.com,Male,139.116.24.7
361,Ludwig,Gouda,lgoudaa0@unblog.fr,Male,4.185.149.255
362,Erminia,Gannicleff,egannicleffa1@typepad.com,Female,52.17.242.8
363,Glynis,MacAfee,gmacafeea2@tiny.cc,Female,72.252.180.210
364,Francoise,Cattlow,fcattlowa3@ft.com,Female,164.16.210.18
365,Griffie,Rouby,groubya4@smugmug.com,Male,68.30.166.9
366,Peirce,Stanlock,pstanlocka5@sina.com.cn,Male,204.93.77.98
367,Raddie,Lifton,rliftona6@freewebs.com,Male,229.149.72.158
368,Tiler,Weatherhill,tweatherhilla7@unicef.org,Male,130.52.108.132
369,Mora,Yelyashev,myelyasheva8@yelp.com,Female,193.15.135.150
370,Dru,Botham,dbothama9@hao123.com,Male,197.154.62.250
371,Germayne,Mumm,gmummaa@hugedomains.com,Male,223.122.255.207
372,Ahmad,Philipart,aphilipartab@jiathis.com,Male,13.226.207.187
373,Ingaberg,Butterfield,ibutterfieldac@ehow.com,Female,94.84.157.238
374,Billi,O'Halleghane,bohalleghanead@alexa.com,Female,253.17.150.212
375,Joleen,Monelle,jmonelleae@google.nl,Female,77.56.43.0
376,Morty,Mabey,mmabeyaf@dropbox.com,Male,249.111.116.186
377,Alla,Tuddenham,atuddenhamag@imdb.com,Female,102.122.220.193
378,Catina,Loddy,cloddyah@weebly.com,Female,214.21.76.220
379,Winifred,Khrishtafovich,wkhrishtafovichai@amazonaws.com,Female,224.231.27.59
380,Derward,McAw,dmcawaj@techcrunch.com,Male,33.160.3.101
381,Matthus,Ibeson,mibesonak@berkeley.edu,Male,95.214.219.36
382,Enrichetta,Manhood,emanhoodal@canalblog.com,Female,254.81.149.219
383,Kattie,D'Alessandro,kdalessandroam@purevolume.com,Female,23.56.94.203
384,Baillie,Paybody,bpaybodyan@google.ca,Male,166.143.41.50
385,Ivor,Walden,iwaldenao@ox.ac.uk,Male,201.88.96.147
386,Charline,Petris,cpetrisap@unicef.org,Female,229.26.6.128
387,Killian,Hindrick,khindrickaq@privacy.gov.au,Male,194.86.162.15
388,Decca,Simmens,dsimmensar@wufoo.com,Male,19.99.102.33
389,Dian,Haet,dhaetas@prnewswire.com,Female,192.131.244.199
390,Lynnea,McConnell,lmcconnellat@hao123.com,Female,218.10.115.240
391,Derwin,Plaide,dplaideau@alibaba.com,Male,14.118.121.106
392,Leese,Knappett,lknappettav@sciencedaily.com,Female,64.39.28.229
393,Bette-ann,McQuilkin,bmcquilkinaw@w3.org,Female,232.38.30.13
394,Zacharie,Walter,zwalterax@creativecommons.org,Male,194.27.43.170
395,Wrennie,Kastel,wkastelay@marketwatch.com,Female,60.253.120.236
396,Fania,Buttrum,fbuttrumaz@issuu.com,Female,86.166.183.7
397,Rosa,Janusz,rjanuszb0@nasa.gov,Female,119.254.20.23
398,Eugen,Figgess,efiggessb1@baidu.com,Male,124.247.91.4
399,Carling,Charte,ccharteb2@instagram.com,Male,25.91.44.56
400,Stinky,Lynett,slynettb3@independent.co.uk,Male,214.136.84.88
401,Christophe,Pauleau,cpauleaub4@weather.com,Male,193.126.140.154
402,Johna,Nevill,jnevillb5@topsy.com,Female,233.179.87.117
403,Idalia,Stiggers,istiggersb6@cocolog-nifty.com,Female,177.130.20.109
404,Verla,Wheeler,vwheelerb7@ehow.com,Female,117.90.141.208
405,Brew,Peealess,bpeealessb8@princeton.edu,Male,75.145.137.135
406,Johnny,Cloonan,jcloonanb9@cocolog-nifty.com,Male,137.98.34.222
407,Sander,Brafferton,sbraffertonba@toplist.cz,Male,139.162.250.156
408,Marne,Colenutt,mcolenuttbb@wsj.com,Female,31.195.179.60
409,Rodd,McIlwrath,rmcilwrathbc@creativecommons.org,Male,195.22.89.60
410,Dani,Oby,dobybd@cisco.com,Female,152.249.180.38
411,Vachel,Elion,velionbe@twitpic.com,Male,45.162.133.22
412,Sabra,Gleed,sgleedbf@nbcnews.com,Female,198.91.169.71
413,Rollins,Durkin,rdurkinbg@springer.com,Male,165.145.61.159
414,Sharron,Yurshev,syurshevbh@hc360.com,Female,33.129.177.39
415,Rutger,Broady,rbroadybi@fc2.com,Male,115.123.136.159
416,Oren,Brittles,obrittlesbj@fastcompany.com,Male,198.12.10.50
417,Che,Monday,cmondaybk@unc.edu,Male,1.192.252.176
418,Brigham,Haslen,bhaslenbl@gov.uk,Male,48.233.127.35
419,Ravi,Olle,rollebm@ameblo.jp,Male,179.126.144.45
420,Bogey,Willeman,bwillemanbn@jalbum.net,Male,222.105.131.218
421,Vick,Bowman,vbowmanbo@slate.com,Male,124.113.221.253
422,Adolpho,Toffel,atoffelbp@seattletimes.com,Male,156.157.205.16
423,Mitzi,Middas,mmiddasbq@cdbaby.com,Female,196.253.0.89
424,Burnard,Huntingdon,bhuntingdonbr@smugmug.com,Male,237.240.1.100
425,Nanny,Barnewelle,nbarnewellebs@mediafire.com,Female,193.114.242.142
426,Margalo,Arnet,marnetbt@gnu.org,Female,243.222.223.38
427,Bobby,Fothergill,bfothergillbu@usgs.gov,Male,187.49.103.11
428,Herman,Redgate,hredgatebv@g.co,Male,76.179.105.110
429,Helli,Nealon,hnealonbw@usda.gov,Female,214.55.57.159
430,Ferdie,Andrioni,fandrionibx@state.gov,Male,118.10.70.22
431,Honey,Orkney,horkneyby@aol.com,Female,12.106.14.142
432,Pearce,Dummett,pdummettbz@state.gov,Male,8.5.168.152
433,Amelina,Smouten,asmoutenc0@hao123.com,Female,80.170.37.149
434,Melony,Choffin,mchoffinc1@amazon.de,Female,77.35.92.194
435,Conrado,Sayre,csayrec2@rakuten.co.jp,Male,242.160.181.19
436,Thorstein,De Morena,tdemorenac3@shinystat.com,Male,25.31.250.4
437,Julie,Spadari,jspadaric4@prweb.com,Male,215.180.220.184
438,Collette,Muschette,cmuschettec5@cbslocal.com,Female,153.23.87.222
439,Bear,Jephcott,bjephcottc6@odnoklassniki.ru,Male,164.220.9.23
440,Robbie,Wreiford,rwreifordc7@soup.io,Male,175.56.96.23
441,Erroll,Flacknoe,eflacknoec8@cnbc.com,Male,231.235.134.175
442,Denys,Lodden,dloddenc9@google.it,Male,206.243.231.120
443,Akim,Loines,aloinesca@ox.ac.uk,Male,109.153.247.91
444,Jacquetta,Tibbetts,jtibbettscb@ucoz.com,Female,184.203.77.70
445,Gina,Pontefract,gpontefractcc@theglobeandmail.com,Female,141.209.173.168
446,Berkeley,Cominetti,bcominetticd@ox.ac.uk,Male,110.70.74.140
447,Adara,Tomczak,atomczakce@merriam-webster.com,Female,159.39.73.101
448,Evaleen,Zettoi,ezettoicf@delicious.com,Female,49.45.157.129
449,Jeffrey,Lunam,jlunamcg@naver.com,Male,36.41.172.233
450,Tootsie,Cumberland,tcumberlandch@jugem.jp,Female,6.131.226.144
451,Jameson,Dedney,jdedneyci@youtube.com,Male,207.52.14.219
452,Shea,Gladhill,sgladhillcj@nytimes.com,Female,57.36.189.30
453,Clarke,Smellie,csmellieck@stanford.edu,Male,146.197.97.142
454,Hetty,Slowcock,hslowcockcl@timesonline.co.uk,Female,209.51.210.220
455,Gaston,Nand,gnandcm@jugem.jp,Male,238.230.242.81
456,Nat,Kobke,nkobkecn@chicagotribune.com,Male,175.141.14.39
457,Shayne,Burford,sburfordco@bloomberg.com,Male,157.232.111.107
458,Sherwood,Lethbridge,slethbridgecp@loc.gov,Male,11.17.133.6
459,Marven,Easom,measomcq@java.com,Male,94.155.206.172
460,Joletta,Sutcliff,jsutcliffcr@live.com,Female,5.227.245.113
461,Cy,Hentzeler,chentzelercs@ocn.ne.jp,Male,140.199.27.132
462,Stoddard,Cockill,scockillct@latimes.com,Female,40.168.16.134
463,Jessika,Drillingcourt,jdrillingcourtcu@macromedia.com,Female,3.117.185.221
464,Barret,Garman,bgarmancv@storify.com,Male,204.84.238.28
465,Goldarina,Leggis,gleggiscw@senate.gov,Female,101.95.205.107
466,Candace,Kach,ckachcx@twitter.com,Female,156.51.79.119
467,Briana,Pigne,bpignecy@pen.io,Female,218.61.99.32
468,Tanitansy,Biggerdike,tbiggerdikecz@symantec.com,Female,109.49.161.40
469,Theo,Antliff,tantliffd0@comcast.net,Male,73.179.206.46
470,Tod,Fendt,tfendtd1@dailymotion.com,Male,105.2.114.200
471,Vincent,Pittwood,vpittwoodd2@cam.ac.uk,Male,153.84.193.10
472,Wandie,Keavy,wkeavyd3@sogou.com,Female,149.48.191.4
473,Jerad,Monument,jmonumentd4@yellowbook.com,Male,69.236.100.132
474,Mahmoud,Feltham,mfelthamd5@wikia.com,Male,44.64.29.212
475,Rosanna,O'Codihie,rocodihied6@barnesandnoble.com,Female,60.14.65.44
476,Caesar,Gladhill,cgladhilld7@archive.org,Male,130.39.222.199
477,Auberta,Tennock,atennockd8@dagondesign.com,Female,252.227.47.56
478,Trefor,La Padula,tlapadulad9@who.int,Male,153.250.197.141
479,Nadia,Stoffer,nstofferda@princeton.edu,Female,114.143.20.128
480,Katherina,Mar,kmardb@google.co.uk,Female,250.188.90.162
481,Tammy,Levay,tlevaydc@mozilla.org,Male,188.199.136.219
482,Dari,Vargas,dvargasdd@vimeo.com,Female,112.4.13.100
483,Burtie,Klausen,bklausende@berkeley.edu,Male,254.18.152.33
484,Maribelle,Alforde,malfordedf@blogger.com,Female,164.32.20.229
485,Nilson,Meiner,nmeinerdg@twitter.com,Male,247.19.106.120
486,Edik,Spykings,espykingsdh@java.com,Male,45.100.9.106
487,Lita,Schops,lschopsdi@taobao.com,Female,125.60.117.10
488,Inigo,Armatidge,iarmatidgedj@parallels.com,Male,93.229.150.236
489,Sosanna,Lewry,slewrydk@scribd.com,Female,98.128.185.217
490,Zandra,Probat,zprobatdl@elegantthemes.com,Female,167.51.148.41
491,Kristin,Ney,kneydm@wisc.edu,Female,140.66.49.193
492,Bethena,Dudeney,bdudeneydn@fc2.com,Female,105.173.134.205
493,Dannel,Crawshay,dcrawshaydo@gnu.org,Male,148.149.81.90
494,Julissa,Churchard,jchurcharddp@vk.com,Female,187.252.21.181
495,Kippie,Leuty,kleutydq@dedecms.com,Male,100.162.246.118
496,Eugine,Belham,ebelhamdr@wordpress.com,Female,62.105.47.243
497,Reed,Garmanson,rgarmansonds@zdnet.com,Male,178.46.206.253
498,Boothe,Benoix,bbenoixdt@microsoft.com,Male,108.164.23.214
499,Hendrik,Willows,hwillowsdu@miitbeian.gov.cn,Male,197.225.79.54
500,Sargent,Lehrle,slehrledv@gnu.org,Male,135.108.230.69
501,Amory,Creavin,acreavindw@xrea.com,Male,223.186.27.138
502,Khalil,Hrus,khrusdx@google.com.br,Male,219.209.41.60
503,Zoe,O'Keefe,zokeefedy@fastcompany.com,Female,99.182.134.107
504,Basile,Brophy,bbrophydz@blinklist.com,Male,122.66.51.210
505,Tedmund,Carnie,tcarniee0@skyrock.com,Male,9.219.50.208
506,Verena,Gleave,vgleavee1@quantcast.com,Female,78.229.54.158
507,Wrennie,Armytage,warmytagee2@ed.gov,Female,30.136.155.37
508,Wynnie,Grouvel,wgrouvele3@technorati.com,Female,57.190.229.31
509,Manda,Brimelow,mbrimelowe4@fda.gov,Female,113.100.248.102
510,Keefe,Casella,kcasellae5@myspace.com,Male,239.227.69.147
511,Guendolen,Chaston,gchastone6@paypal.com,Female,87.111.202.46
512,Jerrylee,Capozzi,jcapozzie7@facebook.com,Female,109.84.148.93
513,Brad,Pothecary,bpothecarye8@chicagotribune.com,Male,81.180.135.20
514,Karylin,Brocks,kbrockse9@joomla.org,Female,55.82.0.235
515,Bank,Conan,bconanea@ameblo.jp,Male,243.166.62.158
516,Jeffy,Pavey,jpaveyeb@artisteer.com,Male,155.227.104.18
517,Myrtie,Mazillius,mmazilliusec@jalbum.net,Female,43.205.128.244
518,Selby,MacPhail,smacphailed@mozilla.org,Male,20.189.180.191
519,Mattias,Spensley,mspensleyee@stanford.edu,Male,195.134.137.73
520,Mitchel,Capaldo,mcapaldoef@telegraph.co.uk,Male,159.19.50.193
521,Vladimir,Althorp,valthorpeg@cdbaby.com,Male,118.6.153.15
522,Stearne,Mashal,smashaleh@bigcartel.com,Male,231.238.147.193
523,Karil,Jellybrand,kjellybrandei@ca.gov,Female,112.48.53.46
524,Marianna,Callf,mcallfej@census.gov,Female,236.147.168.161
525,Darb,Courtier,dcourtierek@comsenz.com,Male,25.252.19.154
526,Aristotle,Maltby,amaltbyel@webeden.co.uk,Male,120.38.135.47
527,Katrinka,Bakewell,kbakewellem@google.com.hk,Female,51.38.185.91
528,Homer,Kirman,hkirmanen@spotify.com,Male,124.64.231.151
529,Shaughn,Hazeup,shazeupeo@irs.gov,Male,217.77.48.55
530,Ford,Canter,fcanterep@springer.com,Male,172.106.137.82
531,Arley,MacCartney,amaccartneyeq@com.com,Male,229.5.192.67
532,Corrinne,Grishaev,cgrishaever@etsy.com,Female,152.50.162.163
533,Rainer,Cosham,rcoshames@csmonitor.com,Male,118.4.157.217
534,Gareth,Kolodziejski,gkolodziejskiet@wunderground.com,Male,206.208.48.193
535,Dido,Petrasch,dpetrascheu@1und1.de,Female,195.199.250.156
536,Frank,McLae,fmclaeev@parallels.com,Male,127.129.215.233
537,Jessey,Hatje,jhatjeew@canalblog.com,Male,28.107.45.98
538,Sybille,MacFaul,smacfaulex@studiopress.com,Female,24.45.19.157
539,Jonathan,Woodall,jwoodalley@com.com,Male,91.70.196.160
540,Keenan,Colleford,kcollefordez@opera.com,Male,250.74.116.203
541,Ward,Deshorts,wdeshortsf0@ft.com,Male,175.153.162.6
542,Daniela,Chick,dchickf1@flavors.me,Female,216.245.11.179
543,Minta,Ashenhurst,mashenhurstf2@bbc.co.uk,Female,34.154.158.207
544,Philip,Franklin,pfranklinf3@businesswire.com,Male,113.26.145.239
545,Toni,McLelland,tmclellandf4@tuttocitta.it,Female,26.117.67.56
546,Sayres,Ancketill,sancketillf5@symantec.com,Male,118.216.24.51
547,Anjela,Relton,areltonf6@goodreads.com,Female,109.248.52.75
548,Eberhard,Weich,eweichf7@cisco.com,Male,129.54.107.176
549,Mead,Vakhonin,mvakhoninf8@dailymotion.com,Male,155.35.143.152
550,Josefa,Lindenberg,jlindenbergf9@scientificamerican.com,Female,195.51.18.179
551,Sarina,Perrinchief,sperrinchieffa@weather.com,Female,153.46.54.216
552,Colas,Bullough,cbulloughfb@behance.net,Male,233.71.54.106
553,Barbabra,Rodman,brodmanfc@hp.com,Female,239.109.200.66
554,Ivette,Walden,iwaldenfd@utexas.edu,Female,76.37.132.9
555,Chris,Sheward,cshewardfe@japanpost.jp,Female,228.168.133.128
556,Josephine,Conor,jconorff@vistaprint.com,Female,65.90.88.17
557,Bendite,Olyunin,bolyuninfg@narod.ru,Female,242.38.115.240
558,Jacqueline,Kendle,jkendlefh@ucoz.com,Female,180.56.51.201
559,Guido,Hearst,ghearstfi@deviantart.com,Male,213.99.252.39
560,Rosa,Orpyne,rorpynefj@simplemachines.org,Female,219.199.238.164
561,Nikki,McKirton,nmckirtonfk@topsy.com,Male,3.138.120.27
562,Andromache,MacTurlough,amacturloughfl@businessweek.com,Female,153.121.198.147
563,Lorens,Stennes,lstennesfm@senate.gov,Male,60.202.200.58
564,Damien,Pales,dpalesfn@xinhuanet.com,Male,127.176.109.24
565,Burgess,O' Reagan,boreaganfo@miitbeian.gov.cn,Male,45.179.54.173
566,Briana,Rickeard,brickeardfp@amazon.com,Female,93.37.74.141
567,Rachael,Baynard,rbaynardfq@liveinternet.ru,Female,179.179.137.132
568,Carlie,Matussevich,cmatussevichfr@a8.net,Male,102.11.244.43
569,Leigh,Kindell,lkindellfs@cloudflare.com,Female,161.94.43.252
570,Wrennie,Pusey,wpuseyft@cpanel.net,Female,243.27.217.66
571,Timofei,Swindells,tswindellsfu@aol.com,Male,13.28.184.58
572,Jessee,Foxcroft,jfoxcroftfv@yelp.com,Male,154.12.200.223
573,Ginger,Grigor,ggrigorfw@tripod.com,Male,118.111.111.7
574,Armand,Fourman,afourmanfx@baidu.com,Male,152.11.134.169
575,Quintana,Bantham,qbanthamfy@pagesperso-orange.fr,Female,198.93.0.181
576,Taffy,Allnatt,tallnattfz@wordpress.com,Female,131.165.231.111
577,Hakim,Jennery,hjenneryg0@github.io,Male,119.227.81.129
578,Henri,Geyton,hgeytong1@google.com.hk,Male,113.65.67.30
579,Lauri,Hartop,lhartopg2@ted.com,Female,110.61.19.38
580,Adina,Feronet,aferonetg3@accuweather.com,Female,69.176.83.42
581,Ulrica,McCawley,umccawleyg4@cbc.ca,Female,21.196.242.111
582,Cletus,Barnwall,cbarnwallg5@geocities.com,Male,75.194.146.219
583,Colman,Grcic,cgrcicg6@wsj.com,Male,156.183.57.41
584,Benedick,Zorzin,bzorzing7@prlog.org,Male,200.79.7.26
585,Orlando,Keaysell,okeaysellg8@forbes.com,Male,92.162.111.160
586,Mirabella,Dundredge,mdundredgeg9@gnu.org,Female,126.111.224.187
587,Eula,Sofe,esofega@ftc.gov,Female,44.78.75.202
588,Burk,Hortop,bhortopgb@1und1.de,Male,24.171.145.26
589,Howard,Tomei,htomeigc@networkadvertising.org,Male,55.244.186.115
590,Thorn,Jakovijevic,tjakovijevicgd@weibo.com,Male,191.85.125.174
591,Arne,Hurl,ahurlge@rakuten.co.jp,Male,3.59.191.193
592,Dennie,Dunbleton,ddunbletongf@microsoft.com,Male,76.157.173.57
593,Liza,Higgoe,lhiggoegg@altervista.org,Female,171.23.82.111
594,Wilhelmina,Whitehouse,wwhitehousegh@patch.com,Female,193.175.48.80
595,Harper,Gammage,hgammagegi@com.com,Male,218.136.170.53
596,Alva,Mably,amablygj@addthis.com,Male,251.8.88.74
597,Chariot,Try,ctrygk@shop-pro.jp,Male,161.172.247.4
598,Scotti,Gaw,sgawgl@nationalgeographic.com,Male,94.176.30.173
599,Phillipp,Mattioli,pmattioligm@addthis.com,Male,87.19.234.156
600,Joellen,Adelman,jadelmangn@springer.com,Female,231.239.47.171
601,Gerick,Mamwell,gmamwellgo@over-blog.com,Male,149.200.87.205
602,Honor,Tull,htullgp@imgur.com,Female,88.204.228.153
603,Corenda,Bridgens,cbridgensgq@census.gov,Female,210.140.229.152
604,Aviva,Chessun,achessungr@pcworld.com,Female,41.96.75.191
605,Patrizio,Biasio,pbiasiogs@dot.gov,Male,21.197.36.87
606,Ursola,Milberry,umilberrygt@phpbb.com,Female,121.158.44.53
607,Findlay,Masarrat,fmasarratgu@baidu.com,Male,47.41.94.254
608,Alec,Cockrem,acockremgv@macromedia.com,Male,47.180.100.253
609,Sharona,Elt,seltgw@hexun.com,Female,34.177.35.222
610,Bendick,Burnham,bburnhamgx@theglobeandmail.com,Male,46.53.240.114
611,Weider,Molohan,wmolohangy@ow.ly,Male,33.123.248.82
612,Herschel,Trammel,htrammelgz@vk.com,Male,109.247.243.110
613,Ange,Capner,acapnerh0@csmonitor.com,Male,162.174.128.76
614,Heddi,Dilland,hdillandh1@cdbaby.com,Female,101.78.147.85
615,Angelita,Harkus,aharkush2@cnn.com,Female,121.25.126.182
616,Carrol,Larmet,clarmeth3@discovery.com,Male,208.242.231.248
617,Waite,Gerry,wgerryh4@boston.com,Male,79.2.27.124
618,Jackie,Watson,jwatsonh5@google.ru,Female,115.35.124.210
619,Mendy,Silkstone,msilkstoneh6@independent.co.uk,Male,197.82.185.212
620,Lidia,Abramovitch,labramovitchh7@google.ca,Female,180.210.187.47
621,Jermain,Spenton,jspentonh8@fc2.com,Male,242.147.97.195
622,Winonah,McCathy,wmccathyh9@comcast.net,Female,252.30.93.117
623,Raf,Tothacot,rtothacotha@163.com,Female,188.241.253.156
624,Fionna,Yedy,fyedyhb@amazon.de,Female,0.255.7.169
625,Morganne,Lamball,mlamballhc@webmd.com,Female,170.9.233.242
626,Clement,Mearns,cmearnshd@noaa.gov,Male,15.65.201.58
627,Josiah,Harnwell,jharnwellhe@bizjournals.com,Male,77.172.167.27
628,Cybil,Leyes,cleyeshf@plala.or.jp,Female,135.90.106.145
629,Niccolo,Semon,nsemonhg@exblog.jp,Male,164.54.252.33
630,Sidoney,Van Rembrandt,svanrembrandthh@comcast.net,Female,66.239.52.100
631,Allister,Sinnie,asinniehi@imgur.com,Male,132.246.183.136
632,Issy,Abbatt,iabbatthj@diigo.com,Female,232.134.198.190
633,Gabbie,Gowers,ggowershk@delicious.com,Female,132.70.92.148
634,Flem,Stiggles,fstiggleshl@weather.com,Male,119.229.161.150
635,Roberto,De Beneditti,rdebenedittihm@fda.gov,Male,138.17.26.83
636,Angelia,Skirvane,askirvanehn@canalblog.com,Female,138.79.206.30
637,Baron,Frascone,bfrasconeho@harvard.edu,Male,234.226.91.64
638,Happy,Bunney,hbunneyhp@ifeng.com,Female,54.236.119.74
639,Marian,Prowting,mprowtinghq@toplist.cz,Female,254.23.236.43
640,Sarajane,Rivers,srivershr@mozilla.org,Female,243.191.44.106
641,Felipe,Oneil,foneilhs@google.com,Male,37.153.114.3
642,Tan,Mannakee,tmannakeeht@storify.com,Male,138.156.30.196
643,Farleigh,Klasing,fklasinghu@goo.ne.jp,Male,238.0.205.6
644,Loydie,Bradnam,lbradnamhv@ox.ac.uk,Male,148.246.80.61
645,Andromache,Harbar,aharbarhw@so-net.ne.jp,Female,85.232.34.193
646,Greg,Spilsted,gspilstedhx@surveymonkey.com,Male,29.144.251.63
647,Doris,Learoyd,dlearoydhy@cafepress.com,Female,205.12.42.220
648,Wilhelm,Danhel,wdanhelhz@is.gd,Male,55.171.106.130
649,Oralie,Imos,oimosi0@a8.net,Female,156.78.20.54
650,Zulema,Vannikov,zvannikovi1@vinaora.com,Female,101.5.33.142
651,Fielding,Water,fwateri2@gravatar.com,Male,118.127.130.217
652,Warde,Smedmore,wsmedmorei3@free.fr,Male,245.172.251.68
653,Rice,Copson,rcopsoni4@ameblo.jp,Male,101.214.150.143
654,Dinny,Ashleigh,dashleighi5@nifty.com,Female,122.204.46.26
655,Margalo,Ochterlony,mochterlonyi6@altervista.org,Female,167.116.200.132
656,Cameron,Levesley,clevesleyi7@adobe.com,Male,100.205.126.238
657,Cosette,Brassington,cbrassingtoni8@patch.com,Female,201.128.220.80
658,Cherish,Matevosian,cmatevosiani9@usgs.gov,Female,112.210.187.53
659,Chev,Conigsby,cconigsbyia@cornell.edu,Male,167.185.152.37
660,Amandy,Lampke,alampkeib@tinypic.com,Female,116.136.250.158
661,Melanie,Cocker,mcockeric@walmart.com,Female,237.81.237.26
662,Gaylene,Sponer,gsponerid@hp.com,Female,123.145.204.151
663,Alena,Canniffe,acanniffeie@vinaora.com,Female,240.225.117.234
664,Jolene,Twining,jtwiningif@mlb.com,Female,156.218.92.246
665,Aron,Howes,ahowesig@spiegel.de,Male,42.104.21.188
666,Judith,Ramshaw,jramshawih@rakuten.co.jp,Female,160.249.145.213
667,Dayna,Blance,dblanceii@multiply.com,Female,34.238.94.226
668,Alfie,Garritley,agarritleyij@jiathis.com,Female,178.145.108.232
669,Brew,Barson,bbarsonik@ihg.com,Male,126.169.127.22
670,Faythe,Pavel,fpavelil@163.com,Female,90.74.97.12
671,Winston,Whieldon,wwhieldonim@msu.edu,Male,206.2.159.64
672,Obie,Prewett,oprewettin@cargocollective.com,Male,152.71.202.242
673,Shermy,Paul,spaulio@sciencedaily.com,Male,130.230.108.48
674,Gizela,Cheney,gcheneyip@nps.gov,Female,48.229.21.196
675,Robinett,Clingan,rclinganiq@chicagotribune.com,Female,147.203.81.226
676,Barbara-anne,Merit,bmeritir@nih.gov,Female,136.208.125.142
677,Adrien,Baynes,abaynesis@telegraph.co.uk,Male,25.247.175.9
678,Gan,Berndt,gberndtit@senate.gov,Male,188.217.205.245
679,Ros,Goodge,rgoodgeiu@sfgate.com,Female,217.72.244.143
680,Shadow,Smallacombe,ssmallacombeiv@usgs.gov,Male,0.122.113.137
681,Rica,Studdeard,rstuddeardiw@marketwatch.com,Female,186.205.52.46
682,Carlye,Tomley,ctomleyix@house.gov,Female,159.62.186.64
683,Fallon,Mearns,fmearnsiy@sfgate.com,Female,45.162.74.164
684,Law,Grimley,lgrimleyiz@i2i.jp,Male,65.114.138.62
685,Saul,Sehorsch,ssehorschj0@ihg.com,Male,8.246.213.56
686,Bald,Redon,bredonj1@bigcartel.com,Male,13.203.103.51
687,Vevay,Ertelt,verteltj2@abc.net.au,Female,18.29.138.123
688,Sterling,Lavall,slavallj3@live.com,Male,43.136.197.132
689,Clementius,Trodler,ctrodlerj4@opensource.org,Male,208.57.207.7
690,Tobias,McQuilkin,tmcquilkinj5@vinaora.com,Male,125.166.126.251
691,Judy,Tinker,jtinkerj6@tripod.com,Female,200.254.157.218
692,Bernardo,Lowres,blowresj7@webmd.com,Male,194.95.237.183
693,Gan,Cullip,gcullipj8@hp.com,Male,21.114.223.149
694,Clay,Keyden,ckeydenj9@nydailynews.com,Male,56.19.1.205
695,Benedetta,Arnald,barnaldja@paginegialle.it,Female,151.192.1.90
696,Ddene,Hasloch,dhaslochjb@tamu.edu,Female,155.25.94.203
697,Flor,Pagitt,fpagittjc@dell.com,Female,226.161.146.41
698,Aksel,Vynarde,avynardejd@dropbox.com,Male,43.52.176.140
699,Forster,Sherrell,fsherrellje@imdb.com,Male,211.181.100.67
700,Carroll,Veld,cveldjf@fc2.com,Female,68.25.85.211
701,Gracie,Ainger,gaingerjg@harvard.edu,Female,69.115.78.48
702,Evanne,Cockrill,ecockrilljh@unesco.org,Female,71.10.243.165
703,Mateo,Thies,mthiesji@phpbb.com,Male,224.22.191.156
704,Rob,Shorbrook,rshorbrookjj@wisc.edu,Male,160.42.116.103
705,Derby,Kitchin,dkitchinjk@list-manage.com,Male,187.53.77.165
706,Jdavie,Anscott,janscottjl@businesswire.com,Male,154.122.78.110
707,Cordelia,Danielli,cdaniellijm@aboutads.info,Female,9.237.49.156
708,Alastair,Welton,aweltonjn@gov.uk,Male,215.14.174.225
709,Sarajane,Newgrosh,snewgroshjo@smugmug.com,Female,246.51.148.36
710,Gasparo,Peaple,gpeaplejp@google.com,Male,2.155.23.123
711,Eleanore,Chaperling,echaperlingjq@diigo.com,Female,131.254.93.85
712,Elberta,Pipes,epipesjr@yahoo.com,Female,35.61.101.204
713,Melina,Coghill,mcoghilljs@marriott.com,Female,147.56.228.70
714,Crosby,O' Gara,cogarajt@indiatimes.com,Male,90.186.227.129
715,Kendre,Hedworth,khedworthju@mozilla.org,Female,75.194.242.112
716,Maighdiln,Lunbech,mlunbechjv@dagondesign.com,Female,213.162.148.174
717,Everard,Rannells,erannellsjw@deviantart.com,Male,84.47.94.137
718,Korella,Pywell,kpywelljx@biblegateway.com,Female,113.210.174.44
719,Clementine,MacSporran,cmacsporranjy@paginegialle.it,Female,192.55.150.216
720,Erny,Warlaw,ewarlawjz@vkontakte.ru,Male,30.235.220.147
721,Keeley,Veevers,kveeversk0@sun.com,Female,244.12.187.143
722,Ravid,Morforth,rmorforthk1@theatlantic.com,Male,20.4.46.2
723,Ole,Cogan,ocogank2@symantec.com,Male,41.59.54.17
724,Starlin,Deener,sdeenerk3@rambler.ru,Female,19.23.194.43
725,Giorgia,Rishworth,grishworthk4@goo.gl,Female,29.173.100.213
726,Ansel,Corradeschi,acorradeschik5@examiner.com,Male,212.253.144.87
727,Stacie,Rachuig,srachuigk6@webs.com,Female,25.249.193.188
728,Leroy,Grazier,lgrazierk7@blogger.com,Male,247.238.38.142
729,Talia,Spragg,tspraggk8@quantcast.com,Female,150.10.168.78
730,Jaimie,Gunney,jgunneyk9@ocn.ne.jp,Male,54.30.144.155
731,Rice,Stoyles,rstoyleska@spotify.com,Male,170.72.4.242
732,Hulda,Ferrey,hferreykb@chicagotribune.com,Female,56.210.174.211
733,Lindy,Dobel,ldobelkc@google.it,Female,244.34.136.159
734,Annamarie,Penburton,apenburtonkd@tuttocitta.it,Female,113.23.18.88
735,Benson,Puvia,bpuviake@sbwire.com,Male,251.240.211.136
736,Brynn,Gaylard,bgaylardkf@ezinearticles.com,Female,182.250.97.130
737,Ali,Gillyatt,agillyattkg@huffingtonpost.com,Male,129.29.16.111
738,Tammy,Flemming,tflemmingkh@umich.edu,Male,132.78.32.184
739,Gerti,Stamper,gstamperki@google.com.au,Female,120.37.92.27
740,Alfreda,Chimenti,achimentikj@mapquest.com,Female,94.46.183.172
741,Montague,Goathrop,mgoathropkk@un.org,Male,242.28.90.73
742,Vaclav,Jenkison,vjenkisonkl@netscape.com,Male,225.3.241.149
743,Rutledge,Hehnke,rhehnkekm@forbes.com,Male,20.103.239.134
744,Nerita,Dwine,ndwinekn@nymag.com,Female,190.26.85.249
745,Natal,Edgerley,nedgerleyko@indiatimes.com,Male,179.241.225.251
746,Heywood,Huckel,hhuckelkp@webeden.co.uk,Male,103.155.172.13
747,Esteban,Swait,eswaitkq@merriam-webster.com,Male,44.107.237.138
748,Leila,Lindermann,llindermannkr@usgs.gov,Female,19.112.25.140
749,Michel,Trett,mtrettks@newyorker.com,Female,144.187.118.203
750,Der,Churching,dchurchingkt@domainmarket.com,Male,85.114.218.29
751,Lemmy,Schlagh,lschlaghku@sitemeter.com,Male,78.40.76.179
752,Timmie,Andreazzi,tandreazzikv@sina.com.cn,Male,114.154.116.215
753,Alana,Prue,apruekw@bigcartel.com,Female,231.237.187.16
754,Abbott,State,astatekx@comcast.net,Male,111.251.171.102
755,Milena,Feechum,mfeechumky@lycos.com,Female,193.15.187.71
756,Robers,Ringe,rringekz@macromedia.com,Male,191.111.211.228
757,Fulvia,Durante,fdurantel0@dailymotion.com,Female,136.18.70.229
758,Katharine,Conner,kconnerl1@businessweek.com,Female,151.199.248.66
759,Carny,Dafter,cdafterl2@globo.com,Male,53.20.253.46
760,Nancee,Root,nrootl3@sourceforge.net,Female,149.44.217.139
761,Frasco,Barensky,fbarenskyl4@fotki.com,Male,216.60.152.104
762,Marlena,McGeouch,mmcgeouchl5@pcworld.com,Female,33.146.192.18
763,Fleming,Kehir,fkehirl6@wikipedia.org,Male,171.177.135.192
764,Randolph,Oene,roenel7@ihg.com,Male,226.207.55.127
765,Keefe,Chadburn,kchadburnl8@ihg.com,Male,89.170.175.19
766,Leonie,Geipel,lgeipell9@studiopress.com,Female,179.117.29.148
767,Dickie,Exer,dexerla@weather.com,Male,220.243.88.13
768,Domeniga,Benini,dbeninilb@msu.edu,Female,246.25.203.151
769,Lira,Killigrew,lkilligrewlc@google.pl,Female,94.67.130.108
770,Fletch,Micka,fmickald@typepad.com,Male,157.86.42.70
771,Lebbie,Wahner,lwahnerle@1688.com,Female,90.216.35.111
772,Rockwell,Tanswill,rtanswilllf@icio.us,Male,244.220.199.127
773,Collin,Penhearow,cpenhearowlg@dailymail.co.uk,Male,65.32.226.24
774,Cort,Cranton,ccrantonlh@goo.gl,Male,185.45.81.233
775,Elvina,Lennie,elennieli@google.co.jp,Female,200.230.222.188
776,Kasper,Verrall,kverralllj@discuz.net,Male,106.171.76.141
777,Joaquin,Bevans,jbevanslk@webnode.com,Male,226.231.48.248
778,Evie,Gunston,egunstonll@so-net.ne.jp,Female,122.162.197.88
779,Alexis,Gleder,aglederlm@springer.com,Male,232.149.136.24
780,Aleta,Mellers,amellersln@cyberchimps.com,Female,28.12.119.133
781,Alain,Force,aforcelo@jalbum.net,Male,90.208.236.89
782,Ody,Acres,oacreslp@bloglines.com,Male,83.6.254.127
783,Cesya,Colles,ccolleslq@ftc.gov,Female,187.192.192.35
784,Bryn,Lindell,blindelllr@xrea.com,Male,216.139.226.43
785,Kilian,Maffulli,kmaffullils@redcross.org,Male,91.175.2.89
786,Ricky,O'Kerin,rokerinlt@gov.uk,Male,91.225.32.36
787,Eryn,Szymaniak,eszymaniaklu@cbslocal.com,Female,183.128.98.48
788,Alexine,Conrart,aconrartlv@is.gd,Female,13.253.232.75
789,Maddy,Fulun,mfulunlw@telegraph.co.uk,Female,73.248.8.48
790,Hillel,Reisk,hreisklx@cornell.edu,Male,136.169.215.47
791,Dion,Woolger,dwoolgerly@google.pl,Female,209.113.165.224
792,Marlena,Lembcke,mlembckelz@naver.com,Female,34.52.241.64
793,Mayor,Simmonds,msimmondsm0@kickstarter.com,Male,48.84.43.12
794,Woody,Wyld,wwyldm1@histats.com,Male,224.82.8.149
795,Rhona,Sewards,rsewardsm2@linkedin.com,Female,175.7.68.72
796,Ignaz,Allen,iallenm3@aboutads.info,Male,127.198.64.134
797,Lothario,Dymick,ldymickm4@noaa.gov,Male,10.65.70.32
798,Jeffry,Birnie,jbirniem5@digg.com,Male,152.121.143.237
799,Daron,Reddish,dreddishm6@free.fr,Female,71.60.163.229
800,Sibyl,Dowsett,sdowsettm7@ebay.com,Male,34.203.249.17
801,James,Braghini,jbraghinim8@nps.gov,Male,243.102.66.204
802,Rozamond,Feronet,rferonetm9@timesonline.co.uk,Female,128.48.231.122
803,Fiona,Tweedell,ftweedellma@eventbrite.com,Female,160.234.138.49
804,Adrian,Barrott,abarrottmb@ovh.net,Female,241.144.35.139
805,Eloise,De Angelo,edeangelomc@mtv.com,Female,92.98.155.110
806,Randy,Ofer,rofermd@devhub.com,Female,57.21.176.218
807,Nicola,Wonfor,nwonforme@ovh.net,Female,245.44.48.89
808,Milissent,Pomfrey,mpomfreymf@tumblr.com,Female,254.83.179.192
809,Cloe,Baddoe,cbaddoemg@psu.edu,Female,111.181.204.177
810,Vanni,Rosbottom,vrosbottommh@patch.com,Female,205.4.18.110
811,Glenn,Sculpher,gsculphermi@upenn.edu,Male,150.126.103.210
812,Ginnie,Batrim,gbatrimmj@t-online.de,Female,20.98.23.164
813,Lancelot,Hazeup,lhazeupmk@usda.gov,Male,230.171.33.126
814,Dilan,Pagin,dpaginml@php.net,Male,75.207.230.112
815,Mikol,Duetschens,mduetschensmm@com.com,Male,70.235.151.177
816,Christean,Padginton,cpadgintonmn@loc.gov,Female,251.139.77.48
817,Wandie,Biddles,wbiddlesmo@comsenz.com,Female,133.17.200.206
818,Balduin,Kemshell,bkemshellmp@about.me,Male,177.201.110.253
819,Tore,Whetson,twhetsonmq@drupal.org,Male,154.24.71.198
820,Jacquelin,Roderigo,jroderigomr@epa.gov,Female,93.135.219.51
821,Hurlee,Necolds,hnecoldsms@ycombinator.com,Male,100.48.61.79
822,Kary,Pavelin,kpavelinmt@phpbb.com,Female,83.132.125.67
823,Parker,Bollin,pbollinmu@blinklist.com,Male,129.141.114.196
824,Gypsy,Embery,gemberymv@1688.com,Female,205.75.19.56
825,Darrell,Petrov,dpetrovmw@fema.gov,Male,87.54.94.131
826,Carolyn,Keenlyside,ckeenlysidemx@usgs.gov,Female,73.161.30.122
827,Basile,Groome,bgroomemy@mediafire.com,Male,54.200.34.107
828,Belicia,Jewer,bjewermz@google.co.uk,Female,181.15.188.198
829,Bernarr,Piercey,bpierceyn0@wisc.edu,Male,111.171.8.8
830,Madelin,Rivelin,mrivelinn1@pagesperso-orange.fr,Female,111.23.121.101
831,Curr,Bosence,cbosencen2@epa.gov,Male,25.118.150.195
832,Lodovico,Yele,lyelen3@baidu.com,Male,63.253.31.175
833,Jeffy,Matias,jmatiasn4@furl.net,Male,118.105.95.41
834,Cleveland,Marques,cmarquesn5@yellowpages.com,Male,98.70.37.48
835,Joachim,Bugden,jbugdenn6@rakuten.co.jp,Male,67.35.114.187
836,Rubi,Borlease,rborleasen7@posterous.com,Female,119.181.210.222
837,Moises,Peirson,mpeirsonn8@live.com,Male,51.170.210.218
838,Pascale,Leavens,pleavensn9@fema.gov,Male,14.75.228.221
839,Barbra,Macura,bmacurana@exblog.jp,Female,71.6.199.107
840,Karim,Kloster,kklosternb@yellowpages.com,Male,123.133.168.141
841,Ewell,Thorouggood,ethorouggoodnc@moonfruit.com,Male,186.248.153.202
842,Ileane,Paviour,ipaviournd@blogs.com,Female,203.170.39.158
843,Donny,Scholes,dscholesne@europa.eu,Male,57.220.246.60
844,Lynde,Scapelhorn,lscapelhornnf@artisteer.com,Female,1.241.159.150
845,Nara,Mullins,nmullinsng@github.com,Female,35.168.44.39
846,Rafaello,Yonge,ryongenh@biglobe.ne.jp,Male,185.194.77.149
847,Blithe,Seale,bsealeni@spotify.com,Female,88.84.222.127
848,Aggie,Pethybridge,apethybridgenj@tinypic.com,Female,240.3.175.31
849,Ronny,Belfelt,rbelfeltnk@slideshare.net,Male,53.12.59.22
850,Wald,Docksey,wdockseynl@taobao.com,Male,73.164.67.90
851,Antonina,Honig,ahonignm@rakuten.co.jp,Female,162.224.84.97
852,Lila,Kenworthey,lkenwortheynn@addthis.com,Female,245.191.38.186
853,Lawton,Clemmitt,lclemmittno@digg.com,Male,76.87.237.178
854,Marius,Jaime,mjaimenp@list-manage.com,Male,176.153.93.20
855,Tanney,Janouch,tjanouchnq@statcounter.com,Male,7.182.218.226
856,Aprilette,Hibbart,ahibbartnr@bbb.org,Female,191.130.251.143
857,Tate,Shearmer,tshearmerns@people.com.cn,Male,175.230.47.1
858,Marget,Scrimshire,mscrimshirent@cdbaby.com,Female,167.58.3.220
859,Idalia,Dene,idenenu@statcounter.com,Female,172.67.7.243
860,Gabriellia,Prydie,gprydienv@mtv.com,Female,6.82.5.57
861,Fernanda,Litherland,flitherlandnw@eventbrite.com,Female,211.22.34.14
862,Ernst,Whittier,ewhittiernx@geocities.jp,Male,24.242.24.33
863,Morna,Donovan,mdonovanny@facebook.com,Female,82.211.63.118
864,Cherey,Eite,ceitenz@vkontakte.ru,Female,245.35.189.102
865,Vernon,Rean,vreano0@usnews.com,Male,19.143.207.204
866,Huberto,Bettles,hbettleso1@hao123.com,Male,131.47.55.30
867,Wenona,Dobrowski,wdobrowskio2@craigslist.org,Female,176.65.131.38
868,Brianne,Graal,bgraalo3@netlog.com,Female,13.98.35.74
869,Prescott,Gianinotti,pgianinottio4@twitter.com,Male,128.190.232.26
870,Mariel,Joesbury,mjoesburyo5@themeforest.net,Female,59.160.138.159
871,Waverly,Johnston,wjohnstono6@mediafire.com,Male,179.221.46.216
872,Ric,McNutt,rmcnutto7@youku.com,Male,36.148.197.59
873,Kirby,Dewbury,kdewburyo8@wix.com,Male,196.145.14.60
874,Gerardo,Willeman,gwillemano9@smugmug.com,Male,247.102.40.118
875,Constancia,Gethen,cgethenoa@netvibes.com,Female,196.149.136.89
876,Buiron,Gateland,bgatelandob@cloudflare.com,Male,30.33.78.86
877,Lizbeth,Boshell,lboshelloc@webnode.com,Female,237.167.0.80
878,Mordy,Maudlen,mmaudlenod@lycos.com,Male,100.142.244.28
879,Emelia,Lobell,elobelloe@com.com,Female,11.84.68.59
880,Monty,McCreedy,mmccreedyof@ucla.edu,Male,177.131.16.227
881,Tammy,Pessel,tpesselog@desdev.cn,Male,191.66.24.68
882,Natal,Eastbrook,neastbrookoh@sakura.ne.jp,Male,119.64.254.125
883,Reggis,MacNulty,rmacnultyoi@upenn.edu,Male,53.125.118.255
884,Kylie,Ellice,kelliceoj@seesaa.net,Female,102.173.56.167
885,Kendra,Figurski,kfigurskiok@t-online.de,Female,114.181.148.140
886,Gustav,Huckel,ghuckelol@harvard.edu,Male,59.97.86.117
887,Ned,Grizard,ngrizardom@gnu.org,Male,242.198.182.209
888,Alisander,Butler-Bowdon,abutlerbowdonon@npr.org,Male,116.231.59.12
889,Roxi,Leare,rleareoo@miitbeian.gov.cn,Female,131.220.189.204
890,Trudy,Bannon,tbannonop@webs.com,Female,48.166.178.125
891,Hally,Crease,hcreaseoq@nature.com,Female,201.221.2.110
892,Twila,Palomba,tpalombaor@bbb.org,Female,56.147.49.21
893,Corly,Radden,craddenos@github.io,Female,97.37.21.193
894,Freeman,Flag,fflagot@theatlantic.com,Male,235.245.26.11
895,Constancia,Attril,cattrilou@bbb.org,Female,127.214.124.198
896,Anabelle,Eddleston,aeddlestonov@china.com.cn,Female,159.16.153.150
897,Pietra,Gloucester,pgloucesterow@flavors.me,Female,248.238.162.16
898,Gerardo,Barwell,gbarwellox@constantcontact.com,Male,214.132.248.85
899,Trisha,Burkin,tburkinoy@ucoz.ru,Female,7.241.147.188
900,Wolfy,Heijnen,wheijnenoz@soup.io,Male,210.10.122.139
901,Barbaraanne,Careswell,bcareswellp0@freewebs.com,Female,2.135.174.33
902,Gussi,Fanthom,gfanthomp1@de.vu,Female,107.131.25.4
903,Cordelie,McGiffin,cmcgiffinp2@163.com,Female,132.43.226.171
904,Jacky,Pead,jpeadp3@digg.com,Male,52.130.199.253
905,Marcie,Rotchell,mrotchellp4@paypal.com,Female,213.24.213.188
906,Tanhya,Hockey,thockeyp5@samsung.com,Female,98.15.51.95
907,Darrick,Sayre,dsayrep6@webs.com,Male,140.75.213.128
908,Mendel,Zamorano,mzamoranop7@trellian.com,Male,215.111.214.123
909,Donni,Gogay,dgogayp8@comsenz.com,Female,254.153.198.76
910,Lesley,Jikovsky,ljikovskyp9@google.com.br,Male,61.58.73.31
911,Dorothee,Brunn,dbrunnpa@howstuffworks.com,Female,192.120.14.14
912,Shirline,Alster,salsterpb@nba.com,Female,96.204.38.7
913,Gene,Balch,gbalchpc@upenn.edu,Male,12.54.139.242
914,Margarita,Waker,mwakerpd@examiner.com,Female,128.113.116.104
915,Man,Pren,mprenpe@baidu.com,Male,108.32.37.244
916,Beckie,Breche,bbrechepf@liveinternet.ru,Female,229.159.222.103
917,Anallese,Trask,atraskpg@webeden.co.uk,Female,133.200.251.56
918,Mirabella,Huitt,mhuittph@opera.com,Female,1.215.70.157
919,Faulkner,Caslett,fcaslettpi@joomla.org,Male,250.117.71.200
920,Bernetta,Goodnow,bgoodnowpj@linkedin.com,Female,124.45.72.227
921,Virginia,Di Francecshi,vdifrancecshipk@walmart.com,Female,7.136.51.158
922,Frederigo,Truran,ftruranpl@chron.com,Male,208.1.22.23
923,Mabelle,Swaite,mswaitepm@zdnet.com,Female,3.225.151.74
924,Eldridge,Domb,edombpn@de.vu,Male,46.143.76.203
925,Mozelle,Bibbie,mbibbiepo@time.com,Female,81.130.35.62
926,Taylor,Woolcocks,twoolcockspp@blog.com,Male,144.106.1.18
927,Jerrie,Lejeune,jlejeunepq@psu.edu,Male,251.195.177.148
928,Valry,Marcham,vmarchampr@deliciousdays.com,Female,166.102.61.205
929,Imelda,Kitchingman,ikitchingmanps@state.tx.us,Female,8.225.112.244
930,Winonah,Poskitt,wposkittpt@intel.com,Female,54.49.145.20
931,Michel,Gascoine,mgascoinepu@ocn.ne.jp,Male,101.153.177.200
932,Lukas,Cristofalo,lcristofalopv@artisteer.com,Male,96.36.65.159
933,Birgit,Roller,brollerpw@baidu.com,Female,11.42.13.28
934,Reggie,Rougier,rrougierpx@delicious.com,Female,29.7.60.77
935,Minnaminnie,Koenen,mkoenenpy@opensource.org,Female,243.15.135.252
936,Yevette,Stelle,ystellepz@umich.edu,Female,207.20.105.198
937,Sherwood,Barthrop,sbarthropq0@buzzfeed.com,Male,56.251.183.160
938,Corey,Deares,cdearesq1@nature.com,Male,121.220.91.132
939,Vally,Pounsett,vpounsettq2@dailymotion.com,Female,144.129.85.37
940,Janie,Medd,jmeddq3@constantcontact.com,Female,108.105.135.213
941,Maurits,Garroway,mgarrowayq4@cafepress.com,Male,89.253.240.178
942,Jessica,Teml,jtemlq5@businessweek.com,Female,16.109.208.150
943,Kimberlee,Shiril,kshirilq6@unblog.fr,Female,189.48.217.95
944,Mart,Benoit,mbenoitq7@springer.com,Male,176.42.208.99
945,Ethelind,Bridell,ebridellq8@alexa.com,Female,112.222.169.192
946,Griffy,Henner,ghennerq9@bing.com,Male,38.192.255.201
947,Ruperto,Tebbit,rtebbitqa@feedburner.com,Male,140.142.230.24
948,Nanni,Bostock,nbostockqb@pbs.org,Female,227.64.51.164
949,Emmye,Carlon,ecarlonqc@lulu.com,Female,180.31.194.153
950,Byrom,Dobrovolny,bdobrovolnyqd@reverbnation.com,Male,230.42.242.234
951,Laurene,Tidball,ltidballqe@creativecommons.org,Female,182.120.224.216
952,Imogen,Busst,ibusstqf@weather.com,Female,209.88.178.184
953,Rodina,Kedge,rkedgeqg@ocn.ne.jp,Female,51.239.98.182
954,Deloria,Farady,dfaradyqh@pagesperso-orange.fr,Female,250.133.142.60
955,Romain,Guitel,rguitelqi@wikimedia.org,Male,200.75.172.4
956,Chilton,Linge,clingeqj@home.pl,Male,115.221.153.139
957,Clementina,MacGeaney,cmacgeaneyqk@usgs.gov,Female,14.25.139.159
958,Ryun,Troucher,rtroucherql@cocolog-nifty.com,Male,254.56.164.175
959,Saundra,Attwoull,sattwoullqm@yahoo.co.jp,Male,16.28.24.75
960,Samantha,Branney,sbranneyqn@army.mil,Female,81.156.43.69
961,Jermaine,McLaine,jmclaineqo@mail.ru,Male,235.60.156.142
962,Rorie,Odo,rodoqp@smh.com.au,Female,106.161.119.99
963,Waring,Gracewood,wgracewoodqq@yelp.com,Male,253.231.231.16
964,Emmet,Bilovus,ebilovusqr@joomla.org,Male,186.42.226.9
965,Bret,Muglestone,bmuglestoneqs@scientificamerican.com,Male,138.34.44.36
966,Artie,Loddon,aloddonqt@imgur.com,Male,188.181.236.199
967,Darby,Colquete,dcolquetequ@xing.com,Male,60.56.52.138
968,Tadio,Amort,tamortqv@shareasale.com,Male,3.145.175.22
969,Lawrence,Rosone,lrosoneqw@amazon.co.uk,Male,79.13.12.35
970,Del,Schieferstein,dschiefersteinqx@microsoft.com,Female,251.61.227.243
971,Donica,Cantua,dcantuaqy@nytimes.com,Female,239.36.84.229
972,Kendall,Witter,kwitterqz@newyorker.com,Male,158.183.189.216
973,Davidde,Klaessen,dklaessenr0@google.de,Male,55.158.39.155
974,Brigida,Lossman,blossmanr1@nationalgeographic.com,Female,118.188.83.108
975,Torrin,Runnett,trunnettr2@quantcast.com,Male,128.150.86.121
976,Quincy,Dishmon,qdishmonr3@pagesperso-orange.fr,Male,172.177.51.210
977,Lucas,Bernadzki,lbernadzkir4@baidu.com,Male,219.192.0.229
978,Conney,Odhams,codhamsr5@newsvine.com,Male,245.13.250.216
979,Claybourne,Fane,cfaner6@odnoklassniki.ru,Male,177.8.209.113
980,Carmencita,Ciccoloi,cciccoloir7@google.co.uk,Female,116.177.3.128
981,Jareb,Atherton,jathertonr8@bizjournals.com,Male,22.215.127.53
982,Dalli,Queripel,dqueripelr9@imgur.com,Male,61.194.79.86
983,Ainslie,Blackborough,ablackboroughra@ehow.com,Female,1.118.28.20
984,Twila,Osichev,tosichevrb@ifeng.com,Female,176.175.53.112
985,Kennan,Antoinet,kantoinetrc@cisco.com,Male,183.91.85.180
986,Hettie,Ayliff,hayliffrd@cnet.com,Female,36.127.231.93
987,Tiphany,Lamball,tlamballre@sogou.com,Female,121.75.113.215
988,Aurel,Osman,aosmanrf@statcounter.com,Female,71.199.215.121
989,Cami,Gunston,cgunstonrg@ted.com,Female,242.20.71.45
990,Tonnie,Simpkins,tsimpkinsrh@ameblo.jp,Male,77.82.30.140
991,Sandra,Tagg,staggri@gizmodo.com,Female,201.36.23.175
992,Noella,Vinter,nvinterrj@shareasale.com,Female,78.59.98.145
993,Sutherlan,Ryley,sryleyrk@altervista.org,Male,82.87.190.229
994,Jammal,Dabel,jdabelrl@surveymonkey.com,Male,213.12.20.223
995,Betta,Lovelock,blovelockrm@mtv.com,Female,111.215.175.207
996,Waldon,Gryglewski,wgryglewskirn@purevolume.com,Male,117.161.112.191
997,Olvan,Larrat,olarratro@histats.com,Male,163.61.62.33
998,Tadeas,Leah,tleahrp@shinystat.com,Male,166.222.96.66
999,Kimmy,Starling,kstarlingrq@europa.eu,Female,207.65.131.202
1000,Friederike,Bibb,fbibbrr@spiegel.de,Female,216.67.117.198
